date,block,product,metric,value
2026-09-01,단품,1 Madeca Cream Time Reverse,Price,22.21
2026-09-01,단품,1 Madeca Cream Time Reverse,할인률,31
2026-09-01,단품,1 Madeca Cream Time Reverse,Review,6465
2026-09-01,단품,1 Madeca Cream Time Reverse,bought in past month,40000
2026-09-01,단품,1 Madeca Cream Time Reverse,Beauty & Personal Care,77
2026-09-01,단품,1 Madeca Cream Time Reverse,Face Moisturizers,9
2026-09-01,단품,2 360 Shot PDRN 아이크림,Review,895
2026-09-01,단품,2 360 Shot PDRN 아이크림,Beauty & Personal Care,460
2026-09-01,단품,2 360 Shot PDRN 아이크림,Eye Treatment Creams,3
2026-09-01,단품,3 Expert Madeca Active Renew PDRN,Price,35.61
2026-09-01,단품,3 Expert Madeca Active Renew PDRN,할인률,6
2026-09-01,단품,3 Expert Madeca Active Renew PDRN,Review,1257
2026-09-01,단품,3 Expert Madeca Active Renew PDRN,bought in past month,6000
2026-09-01,단품,3 Expert Madeca Active Renew PDRN,Beauty & Personal Care,1402
2026-09-01,단품,3 Expert Madeca Active Renew PDRN,Face Moisturizers,45
2026-09-01,단품,3 Expert Madeca Active Renew PDRN,Facial Serums,52
2026-09-01,단품,4 Madeca Cream Time Reverse Zero,Price,34.75
2026-09-01,단품,4 Madeca Cream Time Reverse Zero,할인률,0
2026-09-01,단품,4 Madeca Cream Time Reverse Zero,Review,555
2026-09-01,단품,4 Madeca Cream Time Reverse Zero,bought in past month,4000
2026-09-01,단품,4 Madeca Cream Time Reverse Zero,Beauty & Personal Care,5560
2026-09-01,단품,4 Madeca Cream Time Reverse Zero,Face Moisturizers,164
2026-09-01,단품,5 Madeca Mela Capture Capsule Cream,Price,25.99
2026-09-01,단품,5 Madeca Mela Capture Capsule Cream,할인률,26
2026-09-01,단품,5 Madeca Mela Capture Capsule Cream,Review,577
2026-09-01,단품,5 Madeca Mela Capture Capsule Cream,bought in past month,1000
2026-09-01,단품,5 Madeca Mela Capture Capsule Cream,Beauty & Personal Care,18995
2026-09-01,단품,5 Madeca Mela Capture Capsule Cream,Face Moisturizers,521
2026-09-01,단품,6 360 Shot PDRN 세럼,Price,38
2026-09-01,단품,6 360 Shot PDRN 세럼,할인률,0
2026-09-01,단품,6 360 Shot PDRN 세럼,Review,149
2026-09-01,단품,6 360 Shot PDRN 세럼,bought in past month,400
2026-09-01,단품,6 360 Shot PDRN 세럼,Beauty & Personal Care,28346
2026-09-01,단품,6 360 Shot PDRN 세럼,Facial Serums,594
2026-09-01,단품,7 Madeca Cream Season 6,Price,18.87
2026-09-01,단품,7 Madeca Cream Season 6,할인률,25
2026-09-01,단품,7 Madeca Cream Season 6,Review,140
2026-09-01,단품,7 Madeca Cream Season 6,bought in past month,400
2026-09-01,단품,7 Madeca Cream Season 6,Beauty & Personal Care,37416
2026-09-01,단품,7 Madeca Cream Season 6,Face Moisturizers,935
2026-09-01,단품,8 360 Shot PDRN 아이패치,Price,19.92
2026-09-01,단품,8 360 Shot PDRN 아이패치,할인률,17
2026-09-01,단품,8 360 Shot PDRN 아이패치,Review,107
2026-09-01,단품,8 360 Shot PDRN 아이패치,bought in past month,300
2026-09-01,단품,8 360 Shot PDRN 아이패치,Beauty & Personal Care,38887
2026-09-01,단품,8 360 Shot PDRN 아이패치,Eye Wrinkle Pads & Patches,97
2026-09-01,단품,9 Hyaluronic Tox 앰플,Price,25.1
2026-09-01,단품,9 Hyaluronic Tox 앰플,할인률,28
2026-09-01,단품,9 Hyaluronic Tox 앰플,Review,62
2026-09-01,단품,9 Hyaluronic Tox 앰플,Beauty & Personal Care,53243
2026-09-01,단품,9 Hyaluronic Tox 앰플,Facial Serums,1101
2026-09-01,단품,10 Madeca Wrinkle Capture Stick,Price,25
2026-09-01,단품,10 Madeca Wrinkle Capture Stick,할인률,0
2026-09-01,단품,10 Madeca Wrinkle Capture Stick,Review,456
2026-09-01,단품,10 Madeca Wrinkle Capture Stick,bought in past month,100
2026-09-01,단품,10 Madeca Wrinkle Capture Stick,Beauty & Personal Care,81309
2026-09-01,단품,10 Madeca Wrinkle Capture Stick,Eye Treatment Creams,432
2026-09-01,단품,10 Madeca Wrinkle Capture Stick,Facial Creams & Moisturizers,2996
2026-09-01,단품,11 Madeca Cream Hydra Calming,Price,32
2026-09-01,단품,11 Madeca Cream Hydra Calming,할인률,0
2026-09-01,단품,11 Madeca Cream Hydra Calming,Review,36
2026-09-01,단품,11 Madeca Cream Hydra Calming,bought in past month,100
2026-09-01,단품,11 Madeca Cream Hydra Calming,Beauty & Personal Care,91590
2026-09-01,단품,11 Madeca Cream Hydra Calming,Face Moisturizers,2173
2026-09-01,단품,12 Cleansing Foam,Price,24.89
2026-09-01,단품,12 Cleansing Foam,할인률,0
2026-09-01,단품,12 Cleansing Foam,Review,53
2026-09-01,단품,12 Cleansing Foam,bought in past month,50
2026-09-01,단품,12 Cleansing Foam,Beauty & Personal Care,138102
2026-09-01,단품,12 Cleansing Foam,Facial Cleansing Washes,1610
2026-09-01,단품,13 Madeca Mask 20pc,Review,80
2026-09-01,단품,13 Madeca Mask 20pc,Beauty & Personal Care,314515
2026-09-01,단품,13 Madeca Mask 20pc,Facial Masks,3469
2026-09-01,단품,14 Madeca Sun Cream (구형),Price,21.98
2026-09-01,단품,14 Madeca Sun Cream (구형),할인률,12
2026-09-01,단품,14 Madeca Sun Cream (구형),Review,16
2026-09-01,단품,14 Madeca Sun Cream (구형),Beauty & Personal Care,727134
2026-09-01,단품,14 Madeca Sun Cream (구형),Facial Sunscreens,2415
2026-09-05,단품,1 Madeca Cream Time Reverse,Price,31.49
2026-09-05,단품,1 Madeca Cream Time Reverse,할인률,0
2026-09-05,단품,1 Madeca Cream Time Reverse,Review,6564
2026-09-05,단품,1 Madeca Cream Time Reverse,bought in past month,50000
2026-09-05,단품,1 Madeca Cream Time Reverse,Beauty & Personal Care,39
2026-09-05,단품,1 Madeca Cream Time Reverse,Face Moisturizers,4
2026-09-05,단품,2 360 Shot PDRN 아이크림,Price,18.62
2026-09-05,단품,2 360 Shot PDRN 아이크림,할인률,34
2026-09-05,단품,2 360 Shot PDRN 아이크림,Review,924
2026-09-05,단품,2 360 Shot PDRN 아이크림,bought in past month,20000
2026-09-05,단품,2 360 Shot PDRN 아이크림,Beauty & Personal Care,119
2026-09-05,단품,2 360 Shot PDRN 아이크림,Eye Treatment Creams,1
2026-09-05,단품,3 Expert Madeca Active Renew PDRN,Price,21.66
2026-09-05,단품,3 Expert Madeca Active Renew PDRN,할인률,43
2026-09-05,단품,3 Expert Madeca Active Renew PDRN,Review,1296
2026-09-05,단품,3 Expert Madeca Active Renew PDRN,bought in past month,9000
2026-09-05,단품,3 Expert Madeca Active Renew PDRN,Beauty & Personal Care,383
2026-09-05,단품,3 Expert Madeca Active Renew PDRN,Face Moisturizers,18
2026-09-05,단품,3 Expert Madeca Active Renew PDRN,Facial Serums,20
2026-09-05,단품,4 Madeca Cream Time Reverse Zero,Price,34.75
2026-09-05,단품,4 Madeca Cream Time Reverse Zero,할인률,0
2026-09-05,단품,4 Madeca Cream Time Reverse Zero,Review,574
2026-09-05,단품,4 Madeca Cream Time Reverse Zero,bought in past month,4000
2026-09-05,단품,4 Madeca Cream Time Reverse Zero,Beauty & Personal Care,10294
2026-09-05,단품,4 Madeca Cream Time Reverse Zero,Face Moisturizers,276
2026-09-05,단품,5 Madeca Mela Capture Capsule Cream,Price,24.82
2026-09-05,단품,5 Madeca Mela Capture Capsule Cream,할인률,29
2026-09-05,단품,5 Madeca Mela Capture Capsule Cream,Review,588
2026-09-05,단품,5 Madeca Mela Capture Capsule Cream,bought in past month,900
2026-09-05,단품,5 Madeca Mela Capture Capsule Cream,Beauty & Personal Care,21152
2026-09-05,단품,5 Madeca Mela Capture Capsule Cream,Face Moisturizers,536
2026-09-05,단품,6 360 Shot PDRN 세럼,Price,22.8
2026-09-05,단품,6 360 Shot PDRN 세럼,할인률,40
2026-09-05,단품,6 360 Shot PDRN 세럼,Review,149
2026-09-05,단품,6 360 Shot PDRN 세럼,bought in past month,500
2026-09-05,단품,6 360 Shot PDRN 세럼,Beauty & Personal Care,12379
2026-09-05,단품,6 360 Shot PDRN 세럼,Facial Serums,288
2026-09-05,단품,7 Madeca Cream Season 6,Price,18.87
2026-09-05,단품,7 Madeca Cream Season 6,할인률,25
2026-09-05,단품,7 Madeca Cream Season 6,Review,140
2026-09-05,단품,7 Madeca Cream Season 6,bought in past month,400
2026-09-05,단품,7 Madeca Cream Season 6,Beauty & Personal Care,36013
2026-09-05,단품,7 Madeca Cream Season 6,Face Moisturizers,875
2026-09-05,단품,8 360 Shot PDRN 아이패치,Price,16
2026-09-05,단품,8 360 Shot PDRN 아이패치,할인률,33
2026-09-05,단품,8 360 Shot PDRN 아이패치,Review,107
2026-09-05,단품,8 360 Shot PDRN 아이패치,bought in past month,400
2026-09-05,단품,8 360 Shot PDRN 아이패치,Beauty & Personal Care,17575
2026-09-05,단품,8 360 Shot PDRN 아이패치,Eye Wrinkle Pads & Patches,43
2026-09-05,단품,9 Hyaluronic Tox 앰플,Review,62
2026-09-05,단품,9 Hyaluronic Tox 앰플,Beauty & Personal Care,96216
2026-09-05,단품,9 Hyaluronic Tox 앰플,Facial Serums,1918
2026-09-05,단품,10 Madeca Wrinkle Capture Stick,Price,25
2026-09-05,단품,10 Madeca Wrinkle Capture Stick,할인률,0
2026-09-05,단품,10 Madeca Wrinkle Capture Stick,Review,458
2026-09-05,단품,10 Madeca Wrinkle Capture Stick,bought in past month,100
2026-09-05,단품,10 Madeca Wrinkle Capture Stick,Beauty & Personal Care,107673
2026-09-05,단품,10 Madeca Wrinkle Capture Stick,Eye Treatment Creams,541
2026-09-05,단품,10 Madeca Wrinkle Capture Stick,Facial Creams & Moisturizers,3850
2026-09-05,단품,11 Madeca Cream Hydra Calming,Price,32
2026-09-05,단품,11 Madeca Cream Hydra Calming,할인률,0
2026-09-05,단품,11 Madeca Cream Hydra Calming,Review,36
2026-09-05,단품,11 Madeca Cream Hydra Calming,bought in past month,100
2026-09-05,단품,11 Madeca Cream Hydra Calming,Beauty & Personal Care,99700
2026-09-05,단품,11 Madeca Cream Hydra Calming,Face Moisturizers,2333
2026-09-05,단품,12 Cleansing Foam,Price,24.89
2026-09-05,단품,12 Cleansing Foam,할인률,0
2026-09-05,단품,12 Cleansing Foam,Review,53
2026-09-05,단품,12 Cleansing Foam,bought in past month,50
2026-09-05,단품,12 Cleansing Foam,Beauty & Personal Care,196779
2026-09-05,단품,12 Cleansing Foam,Facial Cleansing Washes,2082
2026-09-05,단품,13 Madeca Mask 20pc,Price,19.98
2026-09-05,단품,13 Madeca Mask 20pc,할인률,0
2026-09-05,단품,13 Madeca Mask 20pc,Review,80
2026-09-05,단품,13 Madeca Mask 20pc,Beauty & Personal Care,329703
2026-09-05,단품,13 Madeca Mask 20pc,Facial Masks,3600
2026-09-05,단품,14 Madeca Sun Cream (구형),Price,21.98
2026-09-05,단품,14 Madeca Sun Cream (구형),할인률,12
2026-09-05,단품,14 Madeca Sun Cream (구형),Review,16
2026-09-05,단품,14 Madeca Sun Cream (구형),Beauty & Personal Care,734302
2026-09-05,단품,14 Madeca Sun Cream (구형),Facial Sunscreens,2423
2026-09-06,단품,1 Madeca Cream Time Reverse,Price,31.45
2026-09-06,단품,1 Madeca Cream Time Reverse,할인률,0
2026-09-06,단품,1 Madeca Cream Time Reverse,Review,6598
2026-09-06,단품,1 Madeca Cream Time Reverse,bought in past month,50000
2026-09-06,단품,1 Madeca Cream Time Reverse,Beauty & Personal Care,97
2026-09-06,단품,1 Madeca Cream Time Reverse,Face Moisturizers,9
2026-09-06,단품,15 Madeca Derma Shield 선크림,Price,23.2
2026-09-06,단품,15 Madeca Derma Shield 선크림,할인률,20
2026-09-06,단품,15 Madeca Derma Shield 선크림,Review,111
2026-09-06,단품,15 Madeca Derma Shield 선크림,bought in past month,5000
2026-09-06,단품,15 Madeca Derma Shield 선크림,Beauty & Personal Care,3889
2026-09-06,단품,15 Madeca Derma Shield 선크림,Facial Sunscreens,41
2026-09-06,단품,15 Madeca Derma Shield 선크림,Facial Skin Care Products,580
2026-09-06,단품,16 Matcha Toning 필링젤,Price,28
2026-09-06,단품,16 Matcha Toning 필링젤,할인률,0
2026-09-06,단품,16 Matcha Toning 필링젤,Review,218
2026-09-06,단품,16 Matcha Toning 필링젤,bought in past month,400
2026-09-06,단품,16 Matcha Toning 필링젤,Beauty & Personal Care,51804
2026-09-06,단품,16 Matcha Toning 필링젤,Facial Peels,99
2026-09-06,단품,17 Madeca Derma Mask III,Price,22
2026-09-06,단품,17 Madeca Derma Mask III,할인률,0
2026-09-06,단품,17 Madeca Derma Mask III,Review,577
2026-09-06,단품,17 Madeca Derma Mask III,bought in past month,100
2026-09-06,단품,17 Madeca Derma Mask III,Beauty & Personal Care,34608
2026-09-06,단품,17 Madeca Derma Mask III,Facial Masks,301
2026-09-06,단품,18 Matcha 클렌징오일,Price,22.4
2026-09-06,단품,18 Matcha 클렌징오일,할인률,25
2026-09-06,단품,18 Matcha 클렌징오일,Review,91
2026-09-06,단품,18 Matcha 클렌징오일,bought in past month,100
2026-09-06,단품,18 Matcha 클렌징오일,Beauty & Personal Care,61609
2026-09-06,단품,18 Matcha 클렌징오일,Makeup Cleansing Oils,78
2026-09-06,단품,18 Matcha 클렌징오일,Facial Cleansing Washes,1051
2026-09-06,단품,19 Mela Capture 앰플패드 60매,Price,25
2026-09-06,단품,19 Mela Capture 앰플패드 60매,할인률,11
2026-09-06,단품,19 Mela Capture 앰플패드 60매,Review,69
2026-09-06,단품,19 Mela Capture 앰플패드 60매,bought in past month,50
2026-09-06,단품,19 Mela Capture 앰플패드 60매,Beauty & Personal Care,79579
2026-09-06,단품,19 Mela Capture 앰플패드 60매,Facial Toners & Astringents,484
2026-09-06,단품,20 Tea Tree AC 파우더,Price,20
2026-09-06,단품,20 Tea Tree AC 파우더,할인률,0
2026-09-06,단품,20 Tea Tree AC 파우더,Review,113
2026-09-06,단품,20 Tea Tree AC 파우더,bought in past month,50
2026-09-06,단품,20 Tea Tree AC 파우더,Beauty & Personal Care,118225
2026-09-06,단품,20 Tea Tree AC 파우더,Facial Serums,2330
2026-09-06,단품,21 Madeca Prime Max 뷰티디바이스,Price,280
2026-09-06,단품,21 Madeca Prime Max 뷰티디바이스,할인률,0
2026-09-06,단품,21 Madeca Prime Max 뷰티디바이스,Review,12
2026-09-06,단품,21 Madeca Prime Max 뷰티디바이스,Beauty & Personal Care,422192
2026-09-06,단품,21 Madeca Prime Max 뷰티디바이스,Wrinkle & Anti-Aging Devices,673
2026-09-06,번들,B1 Time Reverse Set (2입 + 마스크 2장),Price,42.99
2026-09-06,번들,B1 Time Reverse Set (2입 + 마스크 2장),할인률,19
2026-09-06,번들,B1 Time Reverse Set (2입 + 마스크 2장),개당 환산가,21.5
2026-09-06,번들,B1 Time Reverse Set (2입 + 마스크 2장),월 구매수 (세트),1000
2026-09-06,번들,B1 Time Reverse Set (2입 + 마스크 2장),환산 수량 (개),2000
2026-09-06,번들,B1 Time Reverse Set (2입 + 마스크 2장),Review (단품과 공유),6598
2026-09-06,번들,B1 Time Reverse Set (2입 + 마스크 2장),Beauty & Personal Care (공유),97
2026-09-06,번들,B1 Time Reverse Set (2입 + 마스크 2장),Face Moisturizers (공유),9
2026-09-06,번들,B2 Time Reverse 2-Pack,Price,39.99
2026-09-06,번들,B2 Time Reverse 2-Pack,할인률,7
2026-09-06,번들,B2 Time Reverse 2-Pack,개당 환산가,20
2026-09-06,번들,B2 Time Reverse 2-Pack,월 구매수 (세트),1000
2026-09-06,번들,B2 Time Reverse 2-Pack,환산 수량 (개),2000
2026-09-06,번들,B2 Time Reverse 2-Pack,Review,994
2026-09-06,번들,B2 Time Reverse 2-Pack,Beauty & Personal Care,12183
2026-09-06,번들,B2 Time Reverse 2-Pack,Face Moisturizers,318
2026-09-06,번들,B3 Time Reverse + PDRN Duo,Price,53.2
2026-09-06,번들,B3 Time Reverse + PDRN Duo,할인률,20
2026-09-06,번들,B3 Time Reverse + PDRN Duo,개당 환산가,26.6
2026-09-06,번들,B3 Time Reverse + PDRN Duo,월 구매수 (세트),900
2026-09-06,번들,B3 Time Reverse + PDRN Duo,환산 수량 (개),1800
2026-09-06,번들,B3 Time Reverse + PDRN Duo,Review (B2와 공유),994
2026-09-06,번들,B3 Time Reverse + PDRN Duo,Beauty & Personal Care (공유),12183
2026-09-06,번들,B3 Time Reverse + PDRN Duo,Face Moisturizers (공유),318
2026-09-06,번들,B4 Tea Tree AC 파우더 Duo,Price,32.4
2026-09-06,번들,B4 Tea Tree AC 파우더 Duo,할인률,0
2026-09-06,번들,B4 Tea Tree AC 파우더 Duo,개당 환산가,16.2
2026-09-06,번들,B4 Tea Tree AC 파우더 Duo,Review (20번과 공유),113
2026-09-06,번들,B4 Tea Tree AC 파우더 Duo,Beauty & Personal Care (공유),118225
2026-09-06,번들,B4 Tea Tree AC 파우더 Duo,Facial Serums (공유),2330
2026-09-07,단품,1 Madeca Cream Time Reverse,Price,31.45
2026-09-07,단품,1 Madeca Cream Time Reverse,할인률,0
2026-09-07,단품,1 Madeca Cream Time Reverse,Review,6639
2026-09-07,단품,1 Madeca Cream Time Reverse,bought in past month,50000
2026-09-07,단품,1 Madeca Cream Time Reverse,Beauty & Personal Care,184
2026-09-07,단품,1 Madeca Cream Time Reverse,Face Moisturizers,11
2026-09-07,단품,2 360 Shot PDRN 아이크림,Price,28
2026-09-07,단품,2 360 Shot PDRN 아이크림,할인률,0
2026-09-07,단품,2 360 Shot PDRN 아이크림,Review,939
2026-09-07,단품,2 360 Shot PDRN 아이크림,bought in past month,20000
2026-09-07,단품,2 360 Shot PDRN 아이크림,Beauty & Personal Care,199
2026-09-07,단품,2 360 Shot PDRN 아이크림,Eye Treatment Creams,1
2026-09-07,단품,3 Expert Madeca Active Renew PDRN,Price,34.2
2026-09-07,단품,3 Expert Madeca Active Renew PDRN,할인률,10
2026-09-07,단품,3 Expert Madeca Active Renew PDRN,Review,1317
2026-09-07,단품,3 Expert Madeca Active Renew PDRN,bought in past month,10000
2026-09-07,단품,3 Expert Madeca Active Renew PDRN,Beauty & Personal Care,242
2026-09-07,단품,3 Expert Madeca Active Renew PDRN,Face Moisturizers,13
2026-09-07,단품,3 Expert Madeca Active Renew PDRN,Facial Serums,17
2026-09-07,단품,4 Madeca Cream Time Reverse Zero,Price,35
2026-09-07,단품,4 Madeca Cream Time Reverse Zero,할인률,0
2026-09-07,단품,4 Madeca Cream Time Reverse Zero,Review,587
2026-09-07,단품,4 Madeca Cream Time Reverse Zero,bought in past month,4000
2026-09-07,단품,4 Madeca Cream Time Reverse Zero,Beauty & Personal Care,10987
2026-09-07,단품,4 Madeca Cream Time Reverse Zero,Face Moisturizers,288
2026-09-07,단품,5 Madeca Mela Capture Capsule Cream,Price,24.82
2026-09-07,단품,5 Madeca Mela Capture Capsule Cream,할인률,29
2026-09-07,단품,5 Madeca Mela Capture Capsule Cream,Review,592
2026-09-07,단품,5 Madeca Mela Capture Capsule Cream,bought in past month,900
2026-09-07,단품,5 Madeca Mela Capture Capsule Cream,Beauty & Personal Care,21997
2026-09-07,단품,5 Madeca Mela Capture Capsule Cream,Face Moisturizers,559
2026-09-07,단품,6 360 Shot PDRN 세럼,Price,30.4
2026-09-07,단품,6 360 Shot PDRN 세럼,할인률,20
2026-09-07,단품,6 360 Shot PDRN 세럼,Review,152
2026-09-07,단품,6 360 Shot PDRN 세럼,bought in past month,700
2026-09-07,단품,6 360 Shot PDRN 세럼,Beauty & Personal Care,9896
2026-09-07,단품,6 360 Shot PDRN 세럼,Facial Serums,246
2026-09-07,단품,7 Madeca Cream Season 6,Price,18.87
2026-09-07,단품,7 Madeca Cream Season 6,할인률,25
2026-09-07,단품,7 Madeca Cream Season 6,Review,141
2026-09-07,단품,7 Madeca Cream Season 6,bought in past month,400
2026-09-07,단품,7 Madeca Cream Season 6,Beauty & Personal Care,36100
2026-09-07,단품,7 Madeca Cream Season 6,Face Moisturizers,881
2026-09-07,단품,8 360 Shot PDRN 아이패치,Price,19.32
2026-09-07,단품,8 360 Shot PDRN 아이패치,할인률,20
2026-09-07,단품,8 360 Shot PDRN 아이패치,Review,108
2026-09-07,단품,8 360 Shot PDRN 아이패치,bought in past month,500
2026-09-07,단품,8 360 Shot PDRN 아이패치,Beauty & Personal Care,14664
2026-09-07,단품,8 360 Shot PDRN 아이패치,Eye Wrinkle Pads & Patches,35
2026-09-07,단품,9 Hyaluronic Tox 앰플,Price,35
2026-09-07,단품,9 Hyaluronic Tox 앰플,할인률,0
2026-09-07,단품,9 Hyaluronic Tox 앰플,Review,139
2026-09-07,단품,9 Hyaluronic Tox 앰플,bought in past month,100
2026-09-07,단품,9 Hyaluronic Tox 앰플,Beauty & Personal Care,80713
2026-09-07,단품,9 Hyaluronic Tox 앰플,Facial Serums,1628
2026-09-07,단품,10 Madeca Wrinkle Capture Stick,Price,25
2026-09-07,단품,10 Madeca Wrinkle Capture Stick,할인률,0
2026-09-07,단품,10 Madeca Wrinkle Capture Stick,Review,458
2026-09-07,단품,10 Madeca Wrinkle Capture Stick,bought in past month,100
2026-09-07,단품,10 Madeca Wrinkle Capture Stick,Beauty & Personal Care,80215
2026-09-07,단품,10 Madeca Wrinkle Capture Stick,Eye Treatment Creams,403
2026-09-07,단품,10 Madeca Wrinkle Capture Stick,Facial Creams & Moisturizers,2919
2026-09-07,단품,11 Madeca Cream Hydra Calming,Price,32
2026-09-07,단품,11 Madeca Cream Hydra Calming,할인률,0
2026-09-07,단품,11 Madeca Cream Hydra Calming,Review,33
2026-09-07,단품,11 Madeca Cream Hydra Calming,bought in past month,100
2026-09-07,단품,11 Madeca Cream Hydra Calming,Beauty & Personal Care,93571
2026-09-07,단품,11 Madeca Cream Hydra Calming,Face Moisturizers,2199
2026-09-07,단품,12 Cleansing Foam,Price,24.89
2026-09-07,단품,12 Cleansing Foam,할인률,0
2026-09-07,단품,12 Cleansing Foam,Review,53
2026-09-07,단품,12 Cleansing Foam,bought in past month,50
2026-09-07,단품,12 Cleansing Foam,Beauty & Personal Care,186178
2026-09-07,단품,12 Cleansing Foam,Facial Cleansing Washes,1982
2026-09-07,단품,13 Madeca Mask 20pc,Price,19.98
2026-09-07,단품,13 Madeca Mask 20pc,할인률,0
2026-09-07,단품,13 Madeca Mask 20pc,Review,80
2026-09-07,단품,13 Madeca Mask 20pc,Beauty & Personal Care,364641
2026-09-07,단품,13 Madeca Mask 20pc,Facial Masks,3989
2026-09-07,단품,14 Madeca Sun Cream (구형),Price,21.98
2026-09-07,단품,14 Madeca Sun Cream (구형),할인률,12
2026-09-07,단품,14 Madeca Sun Cream (구형),Review,16
2026-09-07,단품,14 Madeca Sun Cream (구형),Beauty & Personal Care,232425
2026-09-07,단품,14 Madeca Sun Cream (구형),Facial Sunscreens,1027
2026-09-07,단품,15 Madeca Derma Shield 선크림,Price,23.2
2026-09-07,단품,15 Madeca Derma Shield 선크림,할인률,20
2026-09-07,단품,15 Madeca Derma Shield 선크림,Review,111
2026-09-07,단품,15 Madeca Derma Shield 선크림,bought in past month,5000
2026-09-07,단품,15 Madeca Derma Shield 선크림,Beauty & Personal Care,6544
2026-09-07,단품,15 Madeca Derma Shield 선크림,Facial Sunscreens,63
2026-09-07,단품,15 Madeca Derma Shield 선크림,Facial Skin Care Products,959
2026-09-07,단품,16 Matcha Toning 필링젤,Price,28
2026-09-07,단품,16 Matcha Toning 필링젤,할인률,0
2026-09-07,단품,16 Matcha Toning 필링젤,Review,217
2026-09-07,단품,16 Matcha Toning 필링젤,bought in past month,400
2026-09-07,단품,16 Matcha Toning 필링젤,Beauty & Personal Care,45671
2026-09-07,단품,16 Matcha Toning 필링젤,Facial Peels,92
2026-09-07,단품,17 Madeca Derma Mask III,Price,22
2026-09-07,단품,17 Madeca Derma Mask III,할인률,0
2026-09-07,단품,17 Madeca Derma Mask III,Review,579
2026-09-07,단품,17 Madeca Derma Mask III,bought in past month,100
2026-09-07,단품,17 Madeca Derma Mask III,Beauty & Personal Care,36675
2026-09-07,단품,17 Madeca Derma Mask III,Facial Masks,328
2026-09-07,단품,18 Matcha 클렌징오일,Price,22.4
2026-09-07,단품,18 Matcha 클렌징오일,할인률,25
2026-09-07,단품,18 Matcha 클렌징오일,Review,92
2026-09-07,단품,18 Matcha 클렌징오일,bought in past month,100
2026-09-07,단품,18 Matcha 클렌징오일,Beauty & Personal Care,65665
2026-09-07,단품,18 Matcha 클렌징오일,Makeup Cleansing Oils,82
2026-09-07,단품,18 Matcha 클렌징오일,Facial Cleansing Washes,1126
2026-09-07,단품,19 Mela Capture 앰플패드 60매,Price,25
2026-09-07,단품,19 Mela Capture 앰플패드 60매,할인률,11
2026-09-07,단품,19 Mela Capture 앰플패드 60매,Review,69
2026-09-07,단품,19 Mela Capture 앰플패드 60매,bought in past month,50
2026-09-07,단품,19 Mela Capture 앰플패드 60매,Beauty & Personal Care,89285
2026-09-07,단품,19 Mela Capture 앰플패드 60매,Facial Toners & Astringents,534
2026-09-07,단품,20 Tea Tree AC 파우더,Price,20
2026-09-07,단품,20 Tea Tree AC 파우더,할인률,0
2026-09-07,단품,20 Tea Tree AC 파우더,Review,113
2026-09-07,단품,20 Tea Tree AC 파우더,bought in past month,50
2026-09-07,단품,20 Tea Tree AC 파우더,Beauty & Personal Care,135858
2026-09-07,단품,20 Tea Tree AC 파우더,Facial Serums,2687
2026-09-07,단품,21 Madeca Prime Max 뷰티디바이스,Price,280
2026-09-07,단품,21 Madeca Prime Max 뷰티디바이스,할인률,0
2026-09-07,단품,21 Madeca Prime Max 뷰티디바이스,Review,12
2026-09-07,단품,21 Madeca Prime Max 뷰티디바이스,Beauty & Personal Care,440893
2026-09-07,단품,21 Madeca Prime Max 뷰티디바이스,Wrinkle & Anti-Aging Devices,701
2026-09-07,번들,B1 Time Reverse Set (2입 + 마스크 2장),Price,43.89
2026-09-07,번들,B1 Time Reverse Set (2입 + 마스크 2장),할인률,17
2026-09-07,번들,B1 Time Reverse Set (2입 + 마스크 2장),개당 환산가,21.95
2026-09-07,번들,B1 Time Reverse Set (2입 + 마스크 2장),월 구매수 (세트),1000
2026-09-07,번들,B1 Time Reverse Set (2입 + 마스크 2장),환산 수량 (개),2000
2026-09-07,번들,B1 Time Reverse Set (2입 + 마스크 2장),Review (단품과 공유),6639
2026-09-07,번들,B1 Time Reverse Set (2입 + 마스크 2장),Beauty & Personal Care (공유),184
2026-09-07,번들,B1 Time Reverse Set (2입 + 마스크 2장),Face Moisturizers (공유),11
2026-09-07,번들,B2 Time Reverse 2-Pack,Price,41.99
2026-09-07,번들,B2 Time Reverse 2-Pack,할인률,0
2026-09-07,번들,B2 Time Reverse 2-Pack,개당 환산가,21
2026-09-07,번들,B2 Time Reverse 2-Pack,월 구매수 (세트),1000
2026-09-07,번들,B2 Time Reverse 2-Pack,환산 수량 (개),2000
2026-09-07,번들,B2 Time Reverse 2-Pack,Review,997
2026-09-07,번들,B2 Time Reverse 2-Pack,Beauty & Personal Care,10204
2026-09-07,번들,B2 Time Reverse 2-Pack,Face Moisturizers,273
2026-09-07,번들,B3 Time Reverse + PDRN Duo,Price,53.2
2026-09-07,번들,B3 Time Reverse + PDRN Duo,할인률,20
2026-09-07,번들,B3 Time Reverse + PDRN Duo,개당 환산가,26.6
2026-09-07,번들,B3 Time Reverse + PDRN Duo,월 구매수 (세트),900
2026-09-07,번들,B3 Time Reverse + PDRN Duo,환산 수량 (개),1800
2026-09-07,번들,B3 Time Reverse + PDRN Duo,Review (B2와 공유),997
2026-09-07,번들,B3 Time Reverse + PDRN Duo,Beauty & Personal Care (공유),10205
2026-09-07,번들,B3 Time Reverse + PDRN Duo,Face Moisturizers (공유),273
2026-09-07,번들,B4 Tea Tree AC 파우더 Duo,Price,32.4
2026-09-07,번들,B4 Tea Tree AC 파우더 Duo,할인률,0
2026-09-07,번들,B4 Tea Tree AC 파우더 Duo,개당 환산가,16.2
2026-09-07,번들,B4 Tea Tree AC 파우더 Duo,Review (20번과 공유),113
2026-09-07,번들,B4 Tea Tree AC 파우더 Duo,Beauty & Personal Care (공유),135868
2026-09-07,번들,B4 Tea Tree AC 파우더 Duo,Facial Serums (공유),2690
2026-09-08,단품,1 Madeca Cream Time Reverse,Price,29.99
2026-09-08,단품,1 Madeca Cream Time Reverse,할인률,6
2026-09-08,단품,1 Madeca Cream Time Reverse,Review,6705
2026-09-08,단품,1 Madeca Cream Time Reverse,bought in past month,50000
2026-09-08,단품,1 Madeca Cream Time Reverse,Beauty & Personal Care,267
2026-09-08,단품,1 Madeca Cream Time Reverse,Face Moisturizers,15
2026-09-08,단품,2 360 Shot PDRN 아이크림,Price,28
2026-09-08,단품,2 360 Shot PDRN 아이크림,할인률,0
2026-09-08,단품,2 360 Shot PDRN 아이크림,Review,949
2026-09-08,단품,2 360 Shot PDRN 아이크림,bought in past month,20000
2026-09-08,단품,2 360 Shot PDRN 아이크림,Beauty & Personal Care,388
2026-09-08,단품,2 360 Shot PDRN 아이크림,Eye Treatment Creams,2
2026-09-08,단품,3 Expert Madeca Active Renew PDRN,Price,34.2
2026-09-08,단품,3 Expert Madeca Active Renew PDRN,할인률,10
2026-09-08,단품,3 Expert Madeca Active Renew PDRN,Review,1323
2026-09-08,단품,3 Expert Madeca Active Renew PDRN,bought in past month,10000
2026-09-08,단품,3 Expert Madeca Active Renew PDRN,Beauty & Personal Care,533
2026-09-08,단품,3 Expert Madeca Active Renew PDRN,Face Moisturizers,23
2026-09-08,단품,3 Expert Madeca Active Renew PDRN,Facial Serums,23
2026-09-08,단품,4 Madeca Cream Time Reverse Zero,Price,29
2026-09-08,단품,4 Madeca Cream Time Reverse Zero,할인률,17
2026-09-08,단품,4 Madeca Cream Time Reverse Zero,Review,590
2026-09-08,단품,4 Madeca Cream Time Reverse Zero,bought in past month,4000
2026-09-08,단품,4 Madeca Cream Time Reverse Zero,Beauty & Personal Care,9861
2026-09-08,단품,4 Madeca Cream Time Reverse Zero,Face Moisturizers,269
2026-09-08,단품,15 Madeca Derma Shield 선크림,Price,23.2
2026-09-08,단품,15 Madeca Derma Shield 선크림,할인률,20
2026-09-08,단품,15 Madeca Derma Shield 선크림,Review,113
2026-09-08,단품,15 Madeca Derma Shield 선크림,bought in past month,5000
2026-09-08,단품,15 Madeca Derma Shield 선크림,Beauty & Personal Care,10079
2026-09-08,단품,15 Madeca Derma Shield 선크림,Facial Sunscreens,90
2026-09-08,단품,15 Madeca Derma Shield 선크림,Facial Skin Care Products,1401
2026-09-08,번들,B1 Time Reverse Set (2입 + 마스크 2장),Price,43.89
2026-09-08,번들,B1 Time Reverse Set (2입 + 마스크 2장),할인률,17
2026-09-08,번들,B1 Time Reverse Set (2입 + 마스크 2장),개당 환산가,21.95
2026-09-08,번들,B1 Time Reverse Set (2입 + 마스크 2장),월 구매수 (세트),1000
2026-09-08,번들,B1 Time Reverse Set (2입 + 마스크 2장),환산 수량 (개),2000
2026-09-08,번들,B1 Time Reverse Set (2입 + 마스크 2장),Review (단품과 공유),6705
2026-09-08,번들,B1 Time Reverse Set (2입 + 마스크 2장),Beauty & Personal Care (공유),267
2026-09-08,번들,B1 Time Reverse Set (2입 + 마스크 2장),Face Moisturizers (공유),15
2026-09-08,번들,B2 Time Reverse 2-Pack,Price,40.99
2026-09-08,번들,B2 Time Reverse 2-Pack,할인률,5
2026-09-08,번들,B2 Time Reverse 2-Pack,개당 환산가,20.5
2026-09-08,번들,B2 Time Reverse 2-Pack,월 구매수 (세트),1000
2026-09-08,번들,B2 Time Reverse 2-Pack,환산 수량 (개),2000
2026-09-08,번들,B2 Time Reverse 2-Pack,Review,999
2026-09-08,번들,B2 Time Reverse 2-Pack,Beauty & Personal Care,9731
2026-09-08,번들,B2 Time Reverse 2-Pack,Face Moisturizers,265
2026-09-08,번들,B3 Time Reverse + PDRN Duo,Price,53.2
2026-09-08,번들,B3 Time Reverse + PDRN Duo,할인률,20
2026-09-08,번들,B3 Time Reverse + PDRN Duo,개당 환산가,26.6
2026-09-08,번들,B3 Time Reverse + PDRN Duo,월 구매수 (세트),900
2026-09-08,번들,B3 Time Reverse + PDRN Duo,환산 수량 (개),1800
2026-09-08,번들,B3 Time Reverse + PDRN Duo,Review (B2와 공유),999
2026-09-08,번들,B3 Time Reverse + PDRN Duo,Beauty & Personal Care (공유),9731
2026-09-08,번들,B3 Time Reverse + PDRN Duo,Face Moisturizers (공유),265
2026-09-08,번들,B4 Tea Tree AC 파우더 Duo,Price,32.4
2026-09-08,번들,B4 Tea Tree AC 파우더 Duo,할인률,0
2026-09-08,번들,B4 Tea Tree AC 파우더 Duo,개당 환산가,16.2
2026-09-08,번들,B4 Tea Tree AC 파우더 Duo,Review (20번과 공유),113
2026-09-08,번들,B4 Tea Tree AC 파우더 Duo,Beauty & Personal Care (공유),148545
2026-09-08,번들,B4 Tea Tree AC 파우더 Duo,Facial Serums (공유),2999
2026-09-08,소셜,IG centellian24_us (미국),팔로워,14000
2026-09-08,소셜,IG centellian24_us (미국),게시물,647
2026-09-08,소셜,IG centellian24_global,팔로워,202000
2026-09-08,소셜,IG centellian24_global,게시물,713
2026-09-08,소셜,IG centellian24 (한국),팔로워,61000
2026-09-08,소셜,IG centellian24 (한국),게시물,919
2026-09-08,소셜,IG centellian24_japan (일본),상태,접근 불가
2026-09-09,단품,1 Madeca Cream Time Reverse,Price,28.99
2026-09-09,단품,1 Madeca Cream Time Reverse,할인률,9
2026-09-09,단품,1 Madeca Cream Time Reverse,Review,6743
2026-09-09,단품,1 Madeca Cream Time Reverse,bought in past month,50000
2026-09-09,단품,1 Madeca Cream Time Reverse,Beauty & Personal Care,248
2026-09-09,단품,1 Madeca Cream Time Reverse,Face Moisturizers,12
2026-09-09,단품,2 360 Shot PDRN 아이크림,Price,28
2026-09-09,단품,2 360 Shot PDRN 아이크림,할인률,0
2026-09-09,단품,2 360 Shot PDRN 아이크림,Review,966
2026-09-09,단품,2 360 Shot PDRN 아이크림,bought in past month,20000
2026-09-09,단품,2 360 Shot PDRN 아이크림,Beauty & Personal Care,412
2026-09-09,단품,2 360 Shot PDRN 아이크림,Eye Treatment Creams,2
2026-09-09,단품,3 Expert Madeca Active Renew PDRN,Price,34.2
2026-09-09,단품,3 Expert Madeca Active Renew PDRN,할인률,10
2026-09-09,단품,3 Expert Madeca Active Renew PDRN,Review,1340
2026-09-09,단품,3 Expert Madeca Active Renew PDRN,bought in past month,10000
2026-09-09,단품,3 Expert Madeca Active Renew PDRN,Beauty & Personal Care,574
2026-09-09,단품,3 Expert Madeca Active Renew PDRN,Face Moisturizers,24
2026-09-09,단품,3 Expert Madeca Active Renew PDRN,Facial Serums,23
2026-09-09,단품,4 Madeca Cream Time Reverse Zero,Price,29
2026-09-09,단품,4 Madeca Cream Time Reverse Zero,할인률,17
2026-09-09,단품,4 Madeca Cream Time Reverse Zero,Review,592
2026-09-09,단품,4 Madeca Cream Time Reverse Zero,bought in past month,4000
2026-09-09,단품,4 Madeca Cream Time Reverse Zero,Beauty & Personal Care,9544
2026-09-09,단품,4 Madeca Cream Time Reverse Zero,Face Moisturizers,259
2026-09-09,단품,15 Madeca Derma Shield 선크림,Price,23.2
2026-09-09,단품,15 Madeca Derma Shield 선크림,할인률,20
2026-09-09,단품,15 Madeca Derma Shield 선크림,Review,116
2026-09-09,단품,15 Madeca Derma Shield 선크림,bought in past month,5000
2026-09-09,단품,15 Madeca Derma Shield 선크림,Beauty & Personal Care,9345
2026-09-09,단품,15 Madeca Derma Shield 선크림,Facial Sunscreens,87
2026-09-09,단품,15 Madeca Derma Shield 선크림,Facial Skin Care Products,1316
2026-09-09,번들,B1 Time Reverse Set (2입 + 마스크 2장),Price,43.89
2026-09-09,번들,B1 Time Reverse Set (2입 + 마스크 2장),할인률,17
2026-09-09,번들,B1 Time Reverse Set (2입 + 마스크 2장),개당 환산가,21.95
2026-09-09,번들,B1 Time Reverse Set (2입 + 마스크 2장),월 구매수 (세트),1000
2026-09-09,번들,B1 Time Reverse Set (2입 + 마스크 2장),환산 수량 (개),2000
2026-09-09,번들,B1 Time Reverse Set (2입 + 마스크 2장),Review (단품과 공유),6743
2026-09-09,번들,B1 Time Reverse Set (2입 + 마스크 2장),Beauty & Personal Care (공유),248
2026-09-09,번들,B1 Time Reverse Set (2입 + 마스크 2장),Face Moisturizers (공유),12
2026-09-09,번들,B2 Time Reverse 2-Pack,Price,40.99
2026-09-09,번들,B2 Time Reverse 2-Pack,할인률,5
2026-09-09,번들,B2 Time Reverse 2-Pack,개당 환산가,20.5
2026-09-09,번들,B2 Time Reverse 2-Pack,월 구매수 (세트),1000
2026-09-09,번들,B2 Time Reverse 2-Pack,환산 수량 (개),2000
2026-09-09,번들,B2 Time Reverse 2-Pack,Review,1000
2026-09-09,번들,B2 Time Reverse 2-Pack,Beauty & Personal Care,9814
2026-09-09,번들,B2 Time Reverse 2-Pack,Face Moisturizers,267
2026-09-09,번들,B3 Time Reverse + PDRN Duo,Price,53.2
2026-09-09,번들,B3 Time Reverse + PDRN Duo,할인률,20
2026-09-09,번들,B3 Time Reverse + PDRN Duo,개당 환산가,26.6
2026-09-09,번들,B3 Time Reverse + PDRN Duo,월 구매수 (세트),900
2026-09-09,번들,B3 Time Reverse + PDRN Duo,환산 수량 (개),1800
2026-09-09,번들,B3 Time Reverse + PDRN Duo,Review (B2와 공유),1000
2026-09-09,번들,B3 Time Reverse + PDRN Duo,Beauty & Personal Care (공유),9814
2026-09-09,번들,B3 Time Reverse + PDRN Duo,Face Moisturizers (공유),267
2026-09-09,소셜,IG centellian24_us (미국),팔로워,14000
2026-09-09,소셜,IG centellian24_us (미국),게시물,652
2026-09-09,소셜,IG centellian24_global,팔로워,202000
2026-09-09,소셜,IG centellian24_global,게시물,712
2026-09-09,소셜,IG centellian24 (한국),팔로워,61000
2026-09-09,소셜,IG centellian24 (한국),게시물,919
2026-09-09,소셜,IG centellian24_japan (일본),상태,접근 불가 (2일째)
2026-09-11,단품,1 Madeca Cream Time Reverse,Price,28.99
2026-09-11,단품,1 Madeca Cream Time Reverse,할인률,9
2026-09-11,단품,1 Madeca Cream Time Reverse,Review,6824
2026-09-11,단품,1 Madeca Cream Time Reverse,bought in past month,50000
2026-09-11,단품,1 Madeca Cream Time Reverse,Beauty & Personal Care,445
2026-09-11,단품,1 Madeca Cream Time Reverse,Face Moisturizers,18
2026-09-11,단품,2 360 Shot PDRN 아이크림,Price,28
2026-09-11,단품,2 360 Shot PDRN 아이크림,할인률,0
2026-09-11,단품,2 360 Shot PDRN 아이크림,Review,991
2026-09-11,단품,2 360 Shot PDRN 아이크림,bought in past month,20000
2026-09-11,단품,2 360 Shot PDRN 아이크림,Beauty & Personal Care,1187
2026-09-11,단품,2 360 Shot PDRN 아이크림,Eye Treatment Creams,4
2026-09-11,단품,3 Expert Madeca Active Renew PDRN,Price,34.2
2026-09-11,단품,3 Expert Madeca Active Renew PDRN,할인률,10
2026-09-11,단품,3 Expert Madeca Active Renew PDRN,Review,1373
2026-09-11,단품,3 Expert Madeca Active Renew PDRN,bought in past month,10000
2026-09-11,단품,3 Expert Madeca Active Renew PDRN,Beauty & Personal Care,1614
2026-09-11,단품,3 Expert Madeca Active Renew PDRN,Face Moisturizers,52
2026-09-11,단품,3 Expert Madeca Active Renew PDRN,Facial Serums,53
2026-09-11,단품,4 Madeca Cream Time Reverse Zero,Price,35
2026-09-11,단품,4 Madeca Cream Time Reverse Zero,할인률,0
2026-09-11,단품,4 Madeca Cream Time Reverse Zero,Review,598
2026-09-11,단품,4 Madeca Cream Time Reverse Zero,bought in past month,3000
2026-09-11,단품,4 Madeca Cream Time Reverse Zero,Beauty & Personal Care,12034
2026-09-11,단품,4 Madeca Cream Time Reverse Zero,Face Moisturizers,319
2026-09-11,단품,15 Madeca Derma Shield 선크림,Price,23.2
2026-09-11,단품,15 Madeca Derma Shield 선크림,할인률,20
2026-09-11,단품,15 Madeca Derma Shield 선크림,Review,121
2026-09-11,단품,15 Madeca Derma Shield 선크림,bought in past month,5000
2026-09-11,단품,15 Madeca Derma Shield 선크림,Beauty & Personal Care,19496
2026-09-11,단품,15 Madeca Derma Shield 선크림,Facial Sunscreens,152
2026-09-11,단품,15 Madeca Derma Shield 선크림,Facial Skin Care Products,2463
2026-09-11,번들,B1 Time Reverse Set (2입 + 마스크 2장),Price,43.89
2026-09-11,번들,B1 Time Reverse Set (2입 + 마스크 2장),할인률,17
2026-09-11,번들,B1 Time Reverse Set (2입 + 마스크 2장),개당 환산가,21.95
2026-09-11,번들,B1 Time Reverse Set (2입 + 마스크 2장),월 구매수 (세트),1000
2026-09-11,번들,B1 Time Reverse Set (2입 + 마스크 2장),환산 수량 (개),2000
2026-09-11,번들,B1 Time Reverse Set (2입 + 마스크 2장),Review (단품과 공유),6824
2026-09-11,번들,B1 Time Reverse Set (2입 + 마스크 2장),Beauty & Personal Care (공유),444
2026-09-11,번들,B1 Time Reverse Set (2입 + 마스크 2장),Face Moisturizers (공유),18
2026-09-11,번들,B2 Time Reverse 2-Pack,Price,40.99
2026-09-11,번들,B2 Time Reverse 2-Pack,할인률,5
2026-09-11,번들,B2 Time Reverse 2-Pack,개당 환산가,20.5
2026-09-11,번들,B2 Time Reverse 2-Pack,월 구매수 (세트),1000
2026-09-11,번들,B2 Time Reverse 2-Pack,환산 수량 (개),2000
2026-09-11,번들,B2 Time Reverse 2-Pack,Review,1002
2026-09-11,번들,B2 Time Reverse 2-Pack,Beauty & Personal Care,9285
2026-09-11,번들,B2 Time Reverse 2-Pack,Face Moisturizers,255
2026-09-11,번들,B3 Time Reverse + PDRN Duo,Price,53.2
2026-09-11,번들,B3 Time Reverse + PDRN Duo,할인률,20
2026-09-11,번들,B3 Time Reverse + PDRN Duo,개당 환산가,26.6
2026-09-11,번들,B3 Time Reverse + PDRN Duo,월 구매수 (세트),900
2026-09-11,번들,B3 Time Reverse + PDRN Duo,환산 수량 (개),1800
2026-09-11,번들,B3 Time Reverse + PDRN Duo,Review (B2와 공유),1002
2026-09-11,번들,B3 Time Reverse + PDRN Duo,Beauty & Personal Care (공유),9285
2026-09-11,번들,B3 Time Reverse + PDRN Duo,Face Moisturizers (공유),255
2026-09-11,소셜,IG centellian24_us (미국),팔로워,14000
2026-09-11,소셜,IG centellian24_us (미국),게시물,653
2026-09-11,소셜,IG centellian24_global,팔로워,203000
2026-09-11,소셜,IG centellian24_global,게시물,715
2026-09-11,소셜,IG centellian24 (한국),팔로워,61000
2026-09-11,소셜,IG centellian24 (한국),게시물,920
2026-09-11,소셜,IG centellian24_japan (일본),상태,접근 불가 (4일째)
2026-09-11,경쟁,C1 ANUA PDRN Hyaluronic Acid 100 Cream,Price,21.6
2026-09-11,경쟁,C1 ANUA PDRN Hyaluronic Acid 100 Cream,할인률,20
2026-09-11,경쟁,C1 ANUA PDRN Hyaluronic Acid 100 Cream,Review,5429
2026-09-11,경쟁,C1 ANUA PDRN Hyaluronic Acid 100 Cream,bought in past month,100000
2026-09-11,경쟁,C1 ANUA PDRN Hyaluronic Acid 100 Cream,Beauty & Personal Care,28
2026-09-11,경쟁,C1 ANUA PDRN Hyaluronic Acid 100 Cream,Face Moisturizers,3
2026-09-11,경쟁,C2 medicube Zero Pore Pad 2.0,Price,18.9
2026-09-11,경쟁,C2 medicube Zero Pore Pad 2.0,할인률,0
2026-09-11,경쟁,C2 medicube Zero Pore Pad 2.0,Review,31808
2026-09-11,경쟁,C2 medicube Zero Pore Pad 2.0,bought in past month,100000
2026-09-11,경쟁,C2 medicube Zero Pore Pad 2.0,Beauty & Personal Care,2
2026-09-11,경쟁,C2 medicube Zero Pore Pad 2.0,Facial Toners & Astringents,1
2026-09-11,경쟁,C3 BIODANCE Bio-Collagen Real Deep Mask,Price,19
2026-09-11,경쟁,C3 BIODANCE Bio-Collagen Real Deep Mask,할인률,0
2026-09-11,경쟁,C3 BIODANCE Bio-Collagen Real Deep Mask,Review,47338
2026-09-11,경쟁,C3 BIODANCE Bio-Collagen Real Deep Mask,bought in past month,100000
2026-09-11,경쟁,C3 BIODANCE Bio-Collagen Real Deep Mask,Beauty & Personal Care,6
2026-09-11,경쟁,C3 BIODANCE Bio-Collagen Real Deep Mask,Facial Masks,1
2026-09-11,경쟁,C4 BIODANCE Hydrogel Eye Patches,Price,23
2026-09-11,경쟁,C4 BIODANCE Hydrogel Eye Patches,할인률,0
2026-09-11,경쟁,C4 BIODANCE Hydrogel Eye Patches,Review,4056
2026-09-11,경쟁,C4 BIODANCE Hydrogel Eye Patches,bought in past month,70000
2026-09-11,경쟁,C4 BIODANCE Hydrogel Eye Patches,Beauty & Personal Care,22
2026-09-11,경쟁,C4 BIODANCE Hydrogel Eye Patches,Eye Masks,1
2026-09-11,경쟁,C5 La Roche-Posay Toleriane Double Repair,Price,24.99
2026-09-11,경쟁,C5 La Roche-Posay Toleriane Double Repair,할인률,0
2026-09-11,경쟁,C5 La Roche-Posay Toleriane Double Repair,Review,51566
2026-09-11,경쟁,C5 La Roche-Posay Toleriane Double Repair,bought in past month,100000
2026-09-12,단품,1 Madeca Cream Time Reverse,Price,31.99
2026-09-12,단품,1 Madeca Cream Time Reverse,할인률,0
2026-09-12,단품,1 Madeca Cream Time Reverse,Review,6859
2026-09-12,단품,1 Madeca Cream Time Reverse,bought in past month,50000
2026-09-12,단품,1 Madeca Cream Time Reverse,Beauty & Personal Care,402
2026-09-12,단품,1 Madeca Cream Time Reverse,Face Moisturizers,17
2026-09-12,단품,2 360 Shot PDRN 아이크림,Price,28
2026-09-12,단품,2 360 Shot PDRN 아이크림,할인률,0
2026-09-12,단품,2 360 Shot PDRN 아이크림,Review,999
2026-09-12,단품,2 360 Shot PDRN 아이크림,bought in past month,20000
2026-09-12,단품,2 360 Shot PDRN 아이크림,Beauty & Personal Care,1436
2026-09-12,단품,2 360 Shot PDRN 아이크림,Eye Treatment Creams,5
2026-09-12,단품,3 Expert Madeca Active Renew PDRN,Price,34.2
2026-09-12,단품,3 Expert Madeca Active Renew PDRN,할인률,10
2026-09-12,단품,3 Expert Madeca Active Renew PDRN,Review,1379
2026-09-12,단품,3 Expert Madeca Active Renew PDRN,bought in past month,10000
2026-09-12,단품,3 Expert Madeca Active Renew PDRN,Beauty & Personal Care,1582
2026-09-12,단품,3 Expert Madeca Active Renew PDRN,Face Moisturizers,51
2026-09-12,단품,3 Expert Madeca Active Renew PDRN,Facial Serums,51
2026-09-12,단품,4 Madeca Cream Time Reverse Zero,Price,35
2026-09-12,단품,4 Madeca Cream Time Reverse Zero,할인률,0
2026-09-12,단품,4 Madeca Cream Time Reverse Zero,Review,603
2026-09-12,단품,4 Madeca Cream Time Reverse Zero,bought in past month,3000
2026-09-12,단품,4 Madeca Cream Time Reverse Zero,Beauty & Personal Care,10931
2026-09-12,단품,4 Madeca Cream Time Reverse Zero,Face Moisturizers,298
2026-09-12,단품,15 Madeca Derma Shield 선크림,Price,23.2
2026-09-12,단품,15 Madeca Derma Shield 선크림,할인률,20
2026-09-12,단품,15 Madeca Derma Shield 선크림,Review,121
2026-09-12,단품,15 Madeca Derma Shield 선크림,bought in past month,5000
2026-09-12,단품,15 Madeca Derma Shield 선크림,Beauty & Personal Care,16500
2026-09-12,단품,15 Madeca Derma Shield 선크림,Facial Sunscreens,131
2026-09-12,단품,15 Madeca Derma Shield 선크림,Facial Skin Care Products,2120
2026-09-12,번들,B1 Time Reverse Set (2입 + 마스크 2장),Price,43.89
2026-09-12,번들,B1 Time Reverse Set (2입 + 마스크 2장),할인률,17
2026-09-12,번들,B1 Time Reverse Set (2입 + 마스크 2장),개당 환산가,21.95
2026-09-12,번들,B1 Time Reverse Set (2입 + 마스크 2장),월 구매수 (세트),1000
2026-09-12,번들,B1 Time Reverse Set (2입 + 마스크 2장),환산 수량 (개),2000
2026-09-12,번들,B1 Time Reverse Set (2입 + 마스크 2장),Review (단품과 공유),6859
2026-09-12,번들,B1 Time Reverse Set (2입 + 마스크 2장),Beauty & Personal Care (공유),402
2026-09-12,번들,B1 Time Reverse Set (2입 + 마스크 2장),Face Moisturizers (공유),17
2026-09-12,번들,B2 Time Reverse 2-Pack,Price,52
2026-09-12,번들,B2 Time Reverse 2-Pack,할인률,0
2026-09-12,번들,B2 Time Reverse 2-Pack,개당 환산가,26
2026-09-12,번들,B2 Time Reverse 2-Pack,월 구매수 (세트),1000
2026-09-12,번들,B2 Time Reverse 2-Pack,환산 수량 (개),2000
2026-09-12,번들,B2 Time Reverse 2-Pack,Review,1006
2026-09-12,번들,B2 Time Reverse 2-Pack,Beauty & Personal Care,9139
2026-09-12,번들,B2 Time Reverse 2-Pack,Face Moisturizers,249
2026-09-12,번들,B3 Time Reverse + PDRN Duo,Price,53.2
2026-09-12,번들,B3 Time Reverse + PDRN Duo,할인률,20
2026-09-12,번들,B3 Time Reverse + PDRN Duo,개당 환산가,26.6
2026-09-12,번들,B3 Time Reverse + PDRN Duo,월 구매수 (세트),900
2026-09-12,번들,B3 Time Reverse + PDRN Duo,환산 수량 (개),1800
2026-09-12,번들,B3 Time Reverse + PDRN Duo,Review (B2와 공유),1006
2026-09-12,번들,B3 Time Reverse + PDRN Duo,Beauty & Personal Care (공유),9139
2026-09-12,번들,B3 Time Reverse + PDRN Duo,Face Moisturizers (공유),249
2026-09-12,경쟁,C1 ANUA PDRN Hyaluronic Acid 100 Cream,Price,21.6
2026-09-12,경쟁,C1 ANUA PDRN Hyaluronic Acid 100 Cream,할인률,20
2026-09-12,경쟁,C1 ANUA PDRN Hyaluronic Acid 100 Cream,Review,5449
2026-09-12,경쟁,C1 ANUA PDRN Hyaluronic Acid 100 Cream,bought in past month,100000
2026-09-12,경쟁,C1 ANUA PDRN Hyaluronic Acid 100 Cream,Beauty & Personal Care,32
2026-09-12,경쟁,C1 ANUA PDRN Hyaluronic Acid 100 Cream,Face Moisturizers,3
2026-09-12,경쟁,C2 medicube Zero Pore Pad 2.0,Price,18.9
2026-09-12,경쟁,C2 medicube Zero Pore Pad 2.0,할인률,0
2026-09-12,경쟁,C2 medicube Zero Pore Pad 2.0,Review,31870
2026-09-12,경쟁,C2 medicube Zero Pore Pad 2.0,bought in past month,100000
2026-09-12,경쟁,C2 medicube Zero Pore Pad 2.0,Beauty & Personal Care,2
2026-09-12,경쟁,C2 medicube Zero Pore Pad 2.0,Facial Toners & Astringents,1
2026-09-12,경쟁,C3 BIODANCE Bio-Collagen Real Deep Mask,Price,19
2026-09-12,경쟁,C3 BIODANCE Bio-Collagen Real Deep Mask,할인률,0
2026-09-12,경쟁,C3 BIODANCE Bio-Collagen Real Deep Mask,Review,47426
2026-09-12,경쟁,C3 BIODANCE Bio-Collagen Real Deep Mask,bought in past month,100000
2026-09-12,경쟁,C3 BIODANCE Bio-Collagen Real Deep Mask,Beauty & Personal Care,6
2026-09-12,경쟁,C3 BIODANCE Bio-Collagen Real Deep Mask,Facial Masks,1
2026-09-12,경쟁,C4 BIODANCE Hydrogel Eye Patches,Price,23
2026-09-12,경쟁,C4 BIODANCE Hydrogel Eye Patches,할인률,0
2026-09-12,경쟁,C4 BIODANCE Hydrogel Eye Patches,Review,4097
2026-09-12,경쟁,C4 BIODANCE Hydrogel Eye Patches,bought in past month,70000
2026-09-12,경쟁,C4 BIODANCE Hydrogel Eye Patches,Beauty & Personal Care,25
2026-09-12,경쟁,C4 BIODANCE Hydrogel Eye Patches,Eye Masks,1
2026-09-12,경쟁,C5 La Roche-Posay Toleriane Double Repair,Price,24.99
2026-09-12,경쟁,C5 La Roche-Posay Toleriane Double Repair,할인률,0
2026-09-12,경쟁,C5 La Roche-Posay Toleriane Double Repair,Review,80902
2026-09-12,경쟁,C5 La Roche-Posay Toleriane Double Repair,bought in past month,100000
2026-09-12,경쟁,C5 La Roche-Posay Toleriane Double Repair,Beauty & Personal Care,20
2026-09-12,경쟁,C5 La Roche-Posay Toleriane Double Repair,Face Moisturizers,2
2026-09-14,번들,B1 Time Reverse Set (2입 + 마스크 2장),Price,43.89
2026-09-14,번들,B1 Time Reverse Set (2입 + 마스크 2장),할인률,6
2026-09-14,번들,B1 Time Reverse Set (2입 + 마스크 2장),개당 환산가,21.95
2026-09-14,번들,B1 Time Reverse Set (2입 + 마스크 2장),월 구매수 (세트),2000
2026-09-14,번들,B1 Time Reverse Set (2입 + 마스크 2장),환산 수량 (개),4000
2026-09-14,번들,B1 Time Reverse Set (2입 + 마스크 2장),Review (단품과 공유),6909
2026-09-14,번들,B1 Time Reverse Set (2입 + 마스크 2장),Beauty & Personal Care (공유),434
2026-09-14,번들,B1 Time Reverse Set (2입 + 마스크 2장),Face Moisturizers (공유),17
2026-09-14,번들,B2 Time Reverse 2-Pack,Price,52
2026-09-14,번들,B2 Time Reverse 2-Pack,할인률,0
2026-09-14,번들,B2 Time Reverse 2-Pack,개당 환산가,26
2026-09-14,번들,B2 Time Reverse 2-Pack,월 구매수 (세트),1000
2026-09-14,번들,B2 Time Reverse 2-Pack,환산 수량 (개),2000
2026-09-14,번들,B2 Time Reverse 2-Pack,Review,1012
2026-09-14,번들,B2 Time Reverse 2-Pack,Beauty & Personal Care,8522
2026-09-14,번들,B2 Time Reverse 2-Pack,Face Moisturizers,232
2026-09-14,번들,B3 Time Reverse + PDRN Duo,Price,53.2
2026-09-14,번들,B3 Time Reverse + PDRN Duo,할인률,20
2026-09-14,번들,B3 Time Reverse + PDRN Duo,개당 환산가,26.6
2026-09-14,번들,B3 Time Reverse + PDRN Duo,월 구매수 (세트),800
2026-09-14,번들,B3 Time Reverse + PDRN Duo,환산 수량 (개),1600
2026-09-14,번들,B3 Time Reverse + PDRN Duo,Review (B2와 공유),1012
2026-09-14,번들,B3 Time Reverse + PDRN Duo,Beauty & Personal Care (공유),8522
2026-09-14,번들,B3 Time Reverse + PDRN Duo,Face Moisturizers (공유),232
2026-09-14,경쟁,C1 ANUA PDRN Hyaluronic Acid 100 Cream,Price,21.6
2026-09-14,경쟁,C1 ANUA PDRN Hyaluronic Acid 100 Cream,할인률,20
2026-09-14,경쟁,C1 ANUA PDRN Hyaluronic Acid 100 Cream,Review,5503
2026-09-14,경쟁,C1 ANUA PDRN Hyaluronic Acid 100 Cream,bought in past month,100000
2026-09-14,경쟁,C1 ANUA PDRN Hyaluronic Acid 100 Cream,Beauty & Personal Care,16
2026-09-14,경쟁,C1 ANUA PDRN Hyaluronic Acid 100 Cream,Face Moisturizers,2
2026-09-14,경쟁,C2 medicube Zero Pore Pad 2.0,Price,18.9
2026-09-14,경쟁,C2 medicube Zero Pore Pad 2.0,할인률,0
2026-09-14,경쟁,C2 medicube Zero Pore Pad 2.0,Review,32000
2026-09-14,경쟁,C2 medicube Zero Pore Pad 2.0,bought in past month,100000
2026-09-14,경쟁,C2 medicube Zero Pore Pad 2.0,Beauty & Personal Care,2
2026-09-14,경쟁,C2 medicube Zero Pore Pad 2.0,Facial Toners & Astringents,1
2026-09-14,경쟁,C3 BIODANCE Bio-Collagen Real Deep Mask,Price,19
2026-09-14,경쟁,C3 BIODANCE Bio-Collagen Real Deep Mask,할인률,0
2026-09-14,경쟁,C3 BIODANCE Bio-Collagen Real Deep Mask,Review,47571
2026-09-14,경쟁,C3 BIODANCE Bio-Collagen Real Deep Mask,bought in past month,100000
2026-09-14,경쟁,C3 BIODANCE Bio-Collagen Real Deep Mask,Beauty & Personal Care,9
2026-09-14,경쟁,C3 BIODANCE Bio-Collagen Real Deep Mask,Facial Masks,1
2026-09-14,경쟁,C4 BIODANCE Hydrogel Eye Patches,Price,23
2026-09-14,경쟁,C4 BIODANCE Hydrogel Eye Patches,할인률,0
2026-09-14,경쟁,C4 BIODANCE Hydrogel Eye Patches,Review,4153
2026-09-14,경쟁,C4 BIODANCE Hydrogel Eye Patches,bought in past month,70000
2026-09-14,경쟁,C4 BIODANCE Hydrogel Eye Patches,Beauty & Personal Care,35
2026-09-14,경쟁,C4 BIODANCE Hydrogel Eye Patches,Eye Masks,1
2026-09-14,경쟁,C5 La Roche-Posay Toleriane Double Repair,Price,24.99
2026-09-14,경쟁,C5 La Roche-Posay Toleriane Double Repair,할인률,0
2026-09-14,경쟁,C5 La Roche-Posay Toleriane Double Repair,Review,51626
2026-09-14,경쟁,C5 La Roche-Posay Toleriane Double Repair,bought in past month,100000
2026-09-14,경쟁,C5 La Roche-Posay Toleriane Double Repair,Beauty & Personal Care,13
2026-09-14,경쟁,C5 La Roche-Posay Toleriane Double Repair,Face Moisturizers,1
